{
  "timestamp": "2025-10-30T13:37:21.440281",
  "total_submitted": 19,
  "ai_generated": 20,
  "qa_pairs": 9,
  "elapsed_seconds": 21.825125
}