{
  "timestamp": "2025-10-30T13:38:05.156777",
  "total_submitted": 0,
  "elapsed_seconds": 113.132514,
  "rate_per_second": 0.0
}